Page URL,Page Title,ILR,Raw ILR,Unique Pageviews,Crawl Depth,HTTP Status Code,"Page (HTML) Load Time, sec",Schema.org (Microdata),Schema.org (JSON-LD),Open Graph,Twitter Cards,Microformats,Canonicalization,In sitemap,Incoming Internal Links,Outgoing Internal Links,Outgoing External Links,AMP link,Hreflang Links,Hreflang Issues,JS and CSS Number,"JS and CSS Size, KB",Issues,Description,Blocked AI search bots
https://srqunlock.com/,24/7 Emergency Locksmith North Port & Port Charlotte FL | Unlock SRQ,100,0.13072574644157975,n/a,0,200,0.084,1,1,1,1,0,Self-canonical,1,8,6,5,0,-,-,3,136,8,"24/7 emergency locksmith serving north port, port charlotte, punta gorda, venice. licensed & insured. 15-minute response. lost keys, lockouts, commercial. call (941) 587-5050",
https://srqunlock.com,24/7 Emergency Locksmith North Port & Port Charlotte FL | Unlock SRQ,83,0.10630037629440514,n/a,2,200,0.09,1,1,1,1,0,Self-canonical,0,2,6,5,0,-,-,3,136,8,"24/7 emergency locksmith serving north port, port charlotte, punta gorda, venice. licensed & insured. 15-minute response. lost keys, lockouts, commercial. call (941) 587-5050",
https://srqunlock.com/about-us/,About Unlock SRQ | Master Locksmith Maksim Yepikhin | Licensed & Insured,67,0.09079656316233337,n/a,1,200,0.085,1,1,1,1,0,Self-canonical,1,1,5,5,0,-,-,3,136,8,"meet maksim yepikhin, owner and master locksmith at unlock srq llc. licensed, insured, and serving north port, port charlotte, and charlotte county since 2020. 24/7 emergency locksmith services.",
https://srqunlock.com/automotive-products/,Automotive Keys & Fobs | 95% In Stock | OEM Keys | Unlock SRQ,67,0.09079656316233337,n/a,1,200,0.061,0,1,1,1,0,Self-canonical,1,1,5,5,0,-,-,3,136,7,"complete automotive key and fob inventory in north port & port charlotte. oem keys, transponder keys, smart keys, key fobs. 95% in stock, less than half dealer price. call (941) 587-5050",
https://srqunlock.com/automotive-services/,Automotive Locksmith Services | Professional Key Programming | Unlock SRQ,67,0.09079656316233337,n/a,1,200,0.062,0,1,1,1,0,Self-canonical,1,1,6,5,0,-,-,3,136,8,"complete automotive locksmith services in north port, port charlotte & sarasota. key programming, lockouts, transponder keys, ecu reflash. 95% of keys in stock, half dealer cost. call (941) 587-5050",
https://srqunlock.com/booking/,Book Appointment - Unlock SRQ LLC | Professional Locksmith Services,50,0.08005620413558007,n/a,1,200,0.067,0,1,1,1,0,Canonical to other page,0,1,1,0,0,-,-,4,140,6,"schedule your locksmith appointment online. fast, convenient booking with instant confirmation. available 24/7 for emergency services in sarasota, north port, and surrounding areas.",
https://srqunlock.com/payment/,Online Payment - Unlock SRQ LLC | Secure Payment Portal,33,0.07079291581337024,n/a,1,200,0.06,0,1,1,1,0,Canonical to other page,0,1,1,0,0,-,-,3,136,5,"pay securely online for locksmith services. fast, convenient, and secure payment processing. accept all major credit cards for emergency locksmith, key programming, and lock installation services.",
https://srqunlock.com/privacy-policy/,Privacy Policy | Unlock SRQ LLC | North Port FL Locksmith,17,0.06471168979355096,n/a,0,200,0.078,0,1,1,1,0,Self-canonical,0,1,6,5,0,-,-,3,138,10,"privacy policy for unlock srq llc. learn how we collect, use, and protect your personal information. licensed locksmith serving north port, port charlotte, and charlotte county florida.",
https://srqunlock.com/terms-of-service/,Terms of Service | Unlock SRQ LLC | North Port FL Locksmith,17,0.06471168979355096,n/a,0,200,0.088,0,1,1,1,0,Self-canonical,0,1,6,5,0,-,-,3,138,9,"terms of service for unlock srq llc. read our service terms, warranty information, and policies. licensed locksmith serving north port, port charlotte, and charlotte county florida.",
https://srqunlock.com/about-us,,-,0.05990781647371629,n/a,1,301,0.095,0,0,0,0,0,-,0,7,1,0,0,-,-,0,0,0,-,
https://srqunlock.com/automotive-products,,-,0.05990781647371629,n/a,1,301,0.079,0,0,0,0,0,-,0,7,1,0,0,-,-,0,0,0,-,
https://srqunlock.com/automotive-services,,-,0.05990781647371629,n/a,1,301,0.06,0,0,0,0,0,-,0,7,1,0,0,-,-,0,0,0,-,
https://srqunlock.com/booking,,-,0.04933794327857188,n/a,1,301,0.056,0,0,0,0,0,-,1,4,1,0,0,-,-,0,0,0,-,
https://srqunlock.com/payment,,-,0.04040047655327808,n/a,1,301,0.06,0,0,0,0,0,-,1,2,1,0,0,-,-,0,0,0,-,
https://srqunlock.com/privacy-policy,,-,0.03530010771158716,n/a,0,301,0.079,0,0,0,0,0,-,0,2,1,0,0,-,-,0,0,0,-,
https://srqunlock.com/terms-of-service,,-,0.03530010771158716,n/a,0,301,0.061,0,0,0,0,0,-,0,2,1,0,0,-,-,0,0,0,-,
https://www.srqunlock.com/,,-,0.0,n/a,0,0,0.0,0,0,0,0,0,-,0,0,0,0,0,-,-,0,0,1,-,
https://srqunlock.com/llms.txt,,-,-,n/a,0,200,0.083,0,0,0,0,0,-,0,0,-,-,0,-,-,-,-,0,-,
https://srqunlock.com/robots.txt,,-,-,n/a,0,200,0.059,0,0,0,0,0,-,0,0,-,-,0,-,-,-,-,0,-,n/a
https://srqunlock.com/sitemap.xml,,-,-,n/a,0,200,0.078,0,0,0,0,0,-,0,0,-,-,0,-,-,-,-,10,-,
